{
  "BiBo_seq64_bs1": {
    "entropy": 2.0741730723342937,
    "normalized_entropy": 0.9974664018007037,
    "gini": 0.057942708333333336,
    "cv": 0.10265570828958157,
    "max_load": 0.14739583333333334,
    "min_load": 0.10572916666666667,
    "balance_ratio": 0.7173144876322554,
    "counts": [
      240.0,
      249.0,
      246.0,
      226.0,
      203.0,
      283.0,
      262.0,
      211.0
    ]
  },
  "Qwen3MoE_seq64_bs1": {
    "entropy": 1.9855079245640963,
    "normalized_entropy": 0.9548274788047867,
    "gini": 0.24010416666666667,
    "cv": 0.4292576764341254,
    "max_load": 0.20677083333333332,
    "min_load": 0.04739583333333333,
    "balance_ratio": 0.22921914357676845,
    "counts": [
      324.0,
      91.0,
      397.0,
      208.0,
      153.0,
      168.0,
      211.0,
      368.0
    ]
  },
  "BiBo_seq64_bs5": {
    "entropy": 2.0773981326905666,
    "normalized_entropy": 0.9990173279948912,
    "gini": 0.03598958333333333,
    "cv": 0.06405292950191344,
    "max_load": 0.1371875,
    "min_load": 0.11375,
    "balance_ratio": 0.8291571753985703,
    "counts": [
      1173.0,
      1162.0,
      1298.0,
      1182.0,
      1092.0,
      1317.0,
      1257.0,
      1119.0
    ]
  },
  "Qwen3MoE_seq64_bs5": {
    "entropy": 1.9834010709714578,
    "normalized_entropy": 0.9538142963947938,
    "gini": 0.24260416666666668,
    "cv": 0.43995067589695774,
    "max_load": 0.21541666666666667,
    "min_load": 0.0490625,
    "balance_ratio": 0.22775628626691355,
    "counts": [
      1489.0,
      471.0,
      2068.0,
      954.0,
      765.0,
      932.0,
      1011.0,
      1910.0
    ]
  },
  "BiBo_seq64_bs20": {
    "entropy": 2.0780044632612085,
    "normalized_entropy": 0.999308911364026,
    "gini": 0.02951171875,
    "cv": 0.05379167070100569,
    "max_load": 0.13825520833333332,
    "min_load": 0.11421875,
    "balance_ratio": 0.8261442832925066,
    "counts": [
      4791.0,
      4694.0,
      4900.0,
      4704.0,
      4386.0,
      5309.0,
      4998.0,
      4618.0
    ]
  },
  "Qwen3MoE_seq64_bs20": {
    "entropy": 1.9794275642197363,
    "normalized_entropy": 0.9519034435662447,
    "gini": 0.24682291666666667,
    "cv": 0.4459080325855291,
    "max_load": 0.21322916666666666,
    "min_load": 0.045546875,
    "balance_ratio": 0.21360527601367593,
    "counts": [
      6044.0,
      1749.0,
      8188.0,
      3982.0,
      3012.0,
      3669.0,
      4028.0,
      7728.0
    ]
  },
  "BiBo_seq64_bs64": {
    "entropy": 2.077935149662488,
    "normalized_entropy": 0.9992755785689792,
    "gini": 0.028658040364583335,
    "cv": 0.05545701931171229,
    "max_load": 0.1406982421875,
    "min_load": 0.116552734375,
    "balance_ratio": 0.8283879923650829,
    "counts": [
      15230.0,
      14957.0,
      15427.0,
      14805.0,
      14322.0,
      17289.0,
      15928.0,
      14922.0
    ]
  },
  "Qwen3MoE_seq64_bs64": {
    "entropy": 1.9777115570662018,
    "normalized_entropy": 0.9510782185627332,
    "gini": 0.24873250325520832,
    "cv": 0.4467683832396802,
    "max_load": 0.21331380208333334,
    "min_load": 0.04271647135416667,
    "balance_ratio": 0.20025179307187474,
    "counts": [
      19463.0,
      5249.0,
      26212.0,
      13047.0,
      9591.0,
      11703.0,
      13145.0,
      24470.0
    ]
  },
  "BiBo_seq256_bs1": {
    "entropy": 2.077004000590846,
    "normalized_entropy": 0.9988277905196505,
    "gini": 0.038834635416666666,
    "cv": 0.07020052812696305,
    "max_load": 0.14036458333333332,
    "min_load": 0.11471354166666667,
    "balance_ratio": 0.8172541743969557,
    "counts": [
      896.0,
      881.0,
      914.0,
      944.0,
      1034.0,
      1078.0,
      1012.0,
      921.0
    ]
  },
  "Qwen3MoE_seq256_bs1": {
    "entropy": 1.9809071953435866,
    "normalized_entropy": 0.9526149957278193,
    "gini": 0.2439453125,
    "cv": 0.4380979296994046,
    "max_load": 0.211328125,
    "min_load": 0.042578125,
    "balance_ratio": 0.20147874306837946,
    "counts": [
      1271.0,
      327.0,
      1623.0,
      792.0,
      624.0,
      736.0,
      828.0,
      1479.0
    ]
  },
  "BiBo_seq256_bs5": {
    "entropy": 2.0784447828297545,
    "normalized_entropy": 0.9995206603166752,
    "gini": 0.025162760416666666,
    "cv": 0.04475470858995888,
    "max_load": 0.13440104166666667,
    "min_load": 0.11791666666666667,
    "balance_ratio": 0.8773493509009712,
    "counts": [
      4574.0,
      4769.0,
      4646.0,
      4528.0,
      4982.0,
      5161.0,
      5022.0,
      4718.0
    ]
  },
  "Qwen3MoE_seq256_bs5": {
    "entropy": 1.9848312582468033,
    "normalized_entropy": 0.954502071091355,
    "gini": 0.23923177083333333,
    "cv": 0.43266853552336876,
    "max_load": 0.21067708333333332,
    "min_load": 0.04625,
    "balance_ratio": 0.2195302843016042,
    "counts": [
      6166.0,
      1776.0,
      8090.0,
      4000.0,
      3139.0,
      3721.0,
      3981.0,
      7527.0
    ]
  },
  "BiBo_seq256_bs20": {
    "entropy": 2.078737139032911,
    "normalized_entropy": 0.9996612539314974,
    "gini": 0.019724934895833334,
    "cv": 0.03776539119531799,
    "max_load": 0.13485026041666667,
    "min_load": 0.1207421875,
    "balance_ratio": 0.8953797132235751,
    "counts": [
      18709.0,
      18950.0,
      18546.0,
      18698.0,
      19454.0,
      20713.0,
      19921.0,
      18609.0
    ]
  },
  "Qwen3MoE_seq256_bs20": {
    "entropy": 1.9883072819851475,
    "normalized_entropy": 0.9561736851611288,
    "gini": 0.23597330729166666,
    "cv": 0.42652358437538596,
    "max_load": 0.20869791666666668,
    "min_load": 0.04944661458333333,
    "balance_ratio": 0.2369291240329416,
    "counts": [
      24378.0,
      7595.0,
      32056.0,
      15944.0,
      12510.0,
      14594.0,
      16184.0,
      30339.0
    ]
  },
  "BiBo_seq256_bs64": {
    "entropy": 2.078599489432162,
    "normalized_entropy": 0.9995950584660372,
    "gini": 0.02200164794921875,
    "cv": 0.041211172126314984,
    "max_load": 0.13370361328125,
    "min_load": 0.11997273763020834,
    "balance_ratio": 0.8973036306643524,
    "counts": [
      60181.0,
      60048.0,
      59415.0,
      59236.0,
      63101.0,
      65718.0,
      64852.0,
      58969.0
    ]
  },
  "Qwen3MoE_seq256_bs64": {
    "entropy": 1.9888734695207666,
    "normalized_entropy": 0.956445963811079,
    "gini": 0.2352874755859375,
    "cv": 0.42481540983073124,
    "max_load": 0.207855224609375,
    "min_load": 0.04936930338541667,
    "balance_ratio": 0.23751774090931313,
    "counts": [
      78200.0,
      24266.0,
      102165.0,
      51254.0,
      40165.0,
      46462.0,
      52070.0,
      96938.0
    ]
  },
  "stability_scores": {
    "BiBo_seq64": 0.390999177631579,
    "Qwen3MoE_seq64": 0.9286143092105266,
    "BiBo_seq256": 0.39229543585526316,
    "Qwen3MoE_seq256": 0.9339514802631579
  },
  "config": {
    "bibo_experts": 8,
    "qwen_experts": 8,
    "top_k": 3,
    "seq_lens_analyzed": [
      64,
      256
    ],
    "batch_sizes_analyzed": [
      1,
      5,
      20,
      64
    ]
  }
}