{
  "BiBo_seq64_bs1": {
    "entropy": 2.067591396468541,
    "normalized_entropy": 0.9943012847566169,
    "gini": 0.07649739583333333,
    "cv": 0.1595782677067245,
    "max_load": 0.173828125,
    "min_load": 0.103515625,
    "balance_ratio": 0.5955056179773051,
    "counts": [
      184.0,
      189.0,
      179.0,
      159.0,
      267.0,
      169.0,
      192.0,
      197.0
    ]
  },
  "Qwen3MoE_seq64_bs1": {
    "entropy": 2.0667556295637297,
    "normalized_entropy": 0.9938993658336469,
    "gini": 0.0906032986111111,
    "cv": 0.15988254333109442,
    "max_load": 0.15755208333333334,
    "min_load": 0.09765625,
    "balance_ratio": 0.619834710743631,
    "counts": [
      295.0,
      343.0,
      314.0,
      363.0,
      225.0,
      260.0,
      241.0,
      263.0
    ]
  },
  "BiBo_seq64_bs5": {
    "entropy": 2.068280074667328,
    "normalized_entropy": 0.9946324689640031,
    "gini": 0.08336588541666666,
    "cv": 0.15140133183444993,
    "max_load": 0.16328125,
    "min_load": 0.10143229166666666,
    "balance_ratio": 0.6212121212120717,
    "counts": [
      944.0,
      1009.0,
      857.0,
      813.0,
      1254.0,
      779.0,
      1081.0,
      943.0
    ]
  },
  "Qwen3MoE_seq64_bs5": {
    "entropy": 2.0672740056539607,
    "normalized_entropy": 0.9941486520385441,
    "gini": 0.0865234375,
    "cv": 0.15597815858890868,
    "max_load": 0.15095486111111112,
    "min_load": 0.09652777777777778,
    "balance_ratio": 0.639447958596858,
    "counts": [
      1373.0,
      1732.0,
      1653.0,
      1739.0,
      1112.0,
      1202.0,
      1365.0,
      1344.0
    ]
  },
  "BiBo_seq64_bs20": {
    "entropy": 2.070315878271427,
    "normalized_entropy": 0.9956114835519556,
    "gini": 0.07438151041666667,
    "cv": 0.13646789983164845,
    "max_load": 0.15960286458333334,
    "min_load": 0.10201822916666667,
    "balance_ratio": 0.6392004894962138,
    "counts": [
      3769.0,
      3988.0,
      3761.0,
      3134.0,
      4903.0,
      3250.0,
      4240.0,
      3675.0
    ]
  },
  "Qwen3MoE_seq64_bs20": {
    "entropy": 2.067827442448734,
    "normalized_entropy": 0.9944147988782991,
    "gini": 0.08429361979166666,
    "cv": 0.15276376987549523,
    "max_load": 0.15193142361111112,
    "min_load": 0.10095486111111111,
    "balance_ratio": 0.6644765033566539,
    "counts": [
      5400.0,
      7001.0,
      6595.0,
      6868.0,
      4652.0,
      4681.0,
      5490.0,
      5393.0
    ]
  },
  "BiBo_seq64_bs64": {
    "entropy": 2.0712182234053493,
    "normalized_entropy": 0.996045419835249,
    "gini": 0.07021586100260417,
    "cv": 0.12976077408629103,
    "max_load": 0.158935546875,
    "min_load": 0.10345458984375,
    "balance_ratio": 0.6509216589861709,
    "counts": [
      11908.0,
      12649.0,
      12317.0,
      10170.0,
      15624.0,
      10527.0,
      13331.0,
      11778.0
    ]
  },
  "Qwen3MoE_seq64_bs64": {
    "entropy": 2.0682383645413376,
    "normalized_entropy": 0.9946124106333627,
    "gini": 0.08360120985243055,
    "cv": 0.14978503091932452,
    "max_load": 0.15057373046875,
    "min_load": 0.10076904296875,
    "balance_ratio": 0.6692338873125224,
    "counts": [
      17703.0,
      22203.0,
      20847.0,
      22053.0,
      14955.0,
      14859.0,
      17848.0,
      16988.0
    ]
  },
  "BiBo_seq128_bs1": {
    "entropy": 2.0768645043392935,
    "normalized_entropy": 0.9987607070028713,
    "gini": 0.040364583333333336,
    "cv": 0.07161458333331469,
    "max_load": 0.13802083333333334,
    "min_load": 0.1123046875,
    "balance_ratio": 0.813679245282827,
    "counts": [
      386.0,
      396.0,
      424.0,
      410.0,
      402.0,
      345.0,
      359.0,
      350.0
    ]
  },
  "Qwen3MoE_seq128_bs1": {
    "entropy": 2.0685628671062943,
    "normalized_entropy": 0.9947684633804357,
    "gini": 0.0823025173611111,
    "cv": 0.14799774447206807,
    "max_load": 0.15147569444444445,
    "min_load": 0.10438368055555555,
    "balance_ratio": 0.6891117478509041,
    "counts": [
      539.0,
      682.0,
      653.0,
      698.0,
      490.0,
      481.0,
      580.0,
      485.0
    ]
  },
  "BiBo_seq128_bs5": {
    "entropy": 2.077990257315662,
    "normalized_entropy": 0.9993020797482955,
    "gini": 0.027978515625,
    "cv": 0.05335492015119113,
    "max_load": 0.13346354166666666,
    "min_load": 0.11022135416666666,
    "balance_ratio": 0.825853658536545,
    "counts": [
      1887.0,
      1887.0,
      2050.0,
      1897.0,
      2000.0,
      1953.0,
      1993.0,
      1693.0
    ]
  },
  "Qwen3MoE_seq128_bs5": {
    "entropy": 2.0690991341158687,
    "normalized_entropy": 0.9950263532988707,
    "gini": 0.08134765625,
    "cv": 0.14423364108112974,
    "max_load": 0.1515625,
    "min_load": 0.0998263888888889,
    "balance_ratio": 0.6586483390606913,
    "counts": [
      2820.0,
      3492.0,
      3127.0,
      3457.0,
      2446.0,
      2300.0,
      2794.0,
      2604.0
    ]
  },
  "BiBo_seq128_bs20": {
    "entropy": 2.078844462183035,
    "normalized_entropy": 0.9997128654569831,
    "gini": 0.019169108072916666,
    "cv": 0.034549831111118715,
    "max_load": 0.1318359375,
    "min_load": 0.11744791666666667,
    "balance_ratio": 0.8908641975308532,
    "counts": [
      7685.0,
      7670.0,
      8100.0,
      7216.0,
      7528.0,
      7736.0,
      8012.0,
      7493.0
    ]
  },
  "Qwen3MoE_seq128_bs20": {
    "entropy": 2.069984980307365,
    "normalized_entropy": 0.9954523552680247,
    "gini": 0.07762586805555556,
    "cv": 0.13787071183768115,
    "max_load": 0.15062934027777777,
    "min_load": 0.10123697916666667,
    "balance_ratio": 0.6720933583057148,
    "counts": [
      11029.0,
      13882.0,
      12712.0,
      13583.0,
      9783.0,
      9330.0,
      11196.0,
      10645.0
    ]
  },
  "BiBo_seq128_bs64": {
    "entropy": 2.078795079465209,
    "normalized_entropy": 0.999689117389612,
    "gini": 0.018778483072916668,
    "cv": 0.03579874225624897,
    "max_load": 0.13116455078125,
    "min_load": 0.11553955078125,
    "balance_ratio": 0.8808748255002293,
    "counts": [
      25037.0,
      24368.0,
      25524.0,
      22716.0,
      24323.0,
      24416.0,
      25788.0,
      24436.0
    ]
  },
  "Qwen3MoE_seq128_bs64": {
    "entropy": 2.0702997437415593,
    "normalized_entropy": 0.9956037244832132,
    "gini": 0.07618459065755208,
    "cv": 0.13552555301023655,
    "max_load": 0.14952256944444445,
    "min_load": 0.10179307725694445,
    "balance_ratio": 0.6807873730043525,
    "counts": [
      35653.0,
      44096.0,
      40855.0,
      43395.0,
      31457.0,
      30020.0,
      35729.0,
      33707.0
    ]
  },
  "BiBo_seq256_bs1": {
    "entropy": 2.070946939194598,
    "normalized_entropy": 0.9959149597067414,
    "gini": 0.06624348958333333,
    "cv": 0.127862992182887,
    "max_load": 0.14925130208333334,
    "min_load": 0.0908203125,
    "balance_ratio": 0.6085059978189086,
    "counts": [
      779.0,
      745.0,
      740.0,
      761.0,
      558.0,
      917.0,
      780.0,
      864.0
    ]
  },
  "Qwen3MoE_seq256_bs1": {
    "entropy": 2.0679045161839715,
    "normalized_entropy": 0.994451863510169,
    "gini": 0.08582899305555555,
    "cv": 0.15217115401035505,
    "max_load": 0.1511501736111111,
    "min_load": 0.09852430555555555,
    "balance_ratio": 0.6518305814787758,
    "counts": [
      1158.0,
      1390.0,
      1291.0,
      1393.0,
      983.0,
      908.0,
      1020.0,
      1073.0
    ]
  },
  "BiBo_seq256_bs5": {
    "entropy": 2.0748053435722524,
    "normalized_entropy": 0.9977704599938703,
    "gini": 0.0491455078125,
    "cv": 0.09430616640452488,
    "max_load": 0.1384765625,
    "min_load": 0.09817708333333333,
    "balance_ratio": 0.7089797837329406,
    "counts": [
      3919.0,
      3769.0,
      3687.0,
      3845.0,
      3016.0,
      4195.0,
      4035.0,
      4254.0
    ]
  },
  "Qwen3MoE_seq256_bs5": {
    "entropy": 2.0707732026752197,