{
  "BiBo_seq64_bs1": {
    "entropy": 2.0611164029929148,
    "normalized_entropy": 0.9911874710975922,
    "gini": 0.10302734375,
    "cv": 0.1877349511740539,
    "max_load": 0.16145833333333334,
    "min_load": 0.08203125,
    "balance_ratio": 0.5080645161288274,
    "counts": [
      214.0,
      173.0,
      126.0,
      204.0,
      212.0,
      204.0,
      248.0,
      155.0
    ]
  },
  "Qwen3MoE_seq64_bs1": {
    "entropy": 2.0775811503882755,
    "normalized_entropy": 0.9991053409031844,
    "gini": 0.033528645833333336,
    "cv": 0.06066460142239612,
    "max_load": 0.13541666666666666,
    "min_load": 0.11197916666666667,
    "balance_ratio": 0.8269230769228119,
    "counts": [
      312.0,
      301.0,
      265.0,
      287.0,
      299.0,
      283.0,
      299.0,
      258.0
    ]
  },
  "BiBo_seq64_bs5": {
    "entropy": 2.0625919578961778,
    "normalized_entropy": 0.9918970630114246,
    "gini": 0.10250651041666667,
    "cv": 0.18252960661673415,
    "max_load": 0.15833333333333333,
    "min_load": 0.08671875,
    "balance_ratio": 0.5476973684210076,
    "counts": [
      1172.0,
      860.0,
      666.0,
      1093.0,
      951.0,
      835.0,
      1216.0,
      887.0
    ]
  },
  "Qwen3MoE_seq64_bs5": {
    "entropy": 2.078474210738679,
    "normalized_entropy": 0.9995348121494315,
    "gini": 0.02439236111111111,
    "cv": 0.0437816794475343,
    "max_load": 0.13168402777777777,
    "min_load": 0.11467013888888888,
    "balance_ratio": 0.8707976268951304,
    "counts": [
      1459.0,
      1493.0,
      1375.0,
      1498.0,
      1517.0,
      1410.0,
      1447.0,
      1321.0
    ]
  },
  "BiBo_seq64_bs20": {
    "entropy": 2.0606816492563533,
    "normalized_entropy": 0.9909783987443438,
    "gini": 0.109130859375,
    "cv": 0.19275944212465926,
    "max_load": 0.15908203125,
    "min_load": 0.08727213541666666,
    "balance_ratio": 0.5485983220789739,
    "counts": [
      4887.0,
      3220.0,
      2681.0,
      4368.0,
      3726.0,
      3213.0,
      4775.0,
      3850.0
    ]
  },
  "Qwen3MoE_seq64_bs20": {
    "entropy": 2.077893921389973,
    "normalized_entropy": 0.9992557519608787,
    "gini": 0.03132595486111111,
    "cv": 0.05581718721677338,
    "max_load": 0.13771701388888888,
    "min_load": 0.11488715277777778,
    "balance_ratio": 0.834226284273545,
    "counts": [
      5725.0,
      6097.0,
      5458.0,
      5612.0,
      6346.0,
      5636.0,
      5912.0,
      5294.0
    ]
  },
  "BiBo_seq64_bs64": {
    "entropy": 2.063640775927375,
    "normalized_entropy": 0.9924014378688923,
    "gini": 0.10011800130208333,
    "cv": 0.17624434704804534,
    "max_load": 0.15545654296875,
    "min_load": 0.08933512369791667,
    "balance_ratio": 0.5746630022248359,
    "counts": [
      15282.0,
      10263.0,
      8782.0,
      14031.0,
      12138.0,
      10502.0,
      14699.0,
      12607.0
    ]
  },
  "Qwen3MoE_seq64_bs64": {
    "entropy": 2.0785186966695335,
    "normalized_entropy": 0.9995562053600426,
    "gini": 0.0242767333984375,
    "cv": 0.043055027100522586,
    "max_load": 0.13481309678819445,
    "min_load": 0.11757405598958333,
    "balance_ratio": 0.8721263645052525,
    "counts": [
      18485.0,
      18962.0,
      17784.0,
      17654.0,
      19879.0,
      18280.0,
      19075.0,
      17337.0
    ]
  },
  "BiBo_seq128_bs1": {
    "entropy": 2.065428465980676,
    "normalized_entropy": 0.9932611350604069,
    "gini": 0.09122721354166667,
    "cv": 0.16407800025980573,
    "max_load": 0.14876302083333334,
    "min_load": 0.08723958333333333,
    "balance_ratio": 0.5864332603937448,
    "counts": [
      457.0,
      374.0,
      268.0,
      426.0,
      314.0,
      421.0,
      450.0,
      362.0
    ]
  },
  "Qwen3MoE_seq128_bs1": {
    "entropy": 2.073341452220822,
    "normalized_entropy": 0.9970664770628338,
    "gini": 0.052300347222222224,
    "cv": 0.10719695343078407,
    "max_load": 0.1408420138888889,
    "min_load": 0.09288194444444445,
    "balance_ratio": 0.6594761171031341,
    "counts": [
      592.0,
      625.0,
      649.0,
      593.0,
      560.0,
      577.0,
      584.0,
      428.0
    ]
  },
  "BiBo_seq128_bs5": {
    "entropy": 2.0651676246335415,
    "normalized_entropy": 0.9931356968877503,
    "gini": 0.09386393229166666,
    "cv": 0.16775462773308258,
    "max_load": 0.155859375,
    "min_load": 0.08815104166666667,
    "balance_ratio": 0.5655806182121735,
    "counts": [
      2324.0,
      1701.0,
      1354.0,
      2112.0,
      1816.0,
      1899.0,
      2394.0,
      1760.0
    ]
  },
  "Qwen3MoE_seq128_bs5": {
    "entropy": 2.0774706797194247,
    "normalized_entropy": 0.9990522157411461,
    "gini": 0.035590277777777776,
    "cv": 0.06260022827631415,
    "max_load": 0.1359375,
    "min_load": 0.11171875,
    "balance_ratio": 0.8218390804597439,
    "counts": [
      2830.0,
      3084.0,
      2930.0,
      2808.0,
      2996.0,
      2686.0,
      3132.0,
      2574.0
    ]
  },
  "BiBo_seq128_bs20": {
    "entropy": 2.0665900228154372,
    "normalized_entropy": 0.9938197258221471,
    "gini": 0.08859456380208333,
    "cv": 0.15946802819222364,
    "max_load": 0.15450846354166667,
    "min_load": 0.09055989583333333,
    "balance_ratio": 0.5861160855367051,
    "counts": [
      9244.0,
      6713.0,
      5564.0,
      8393.0,
      7352.0,
      7401.0,
      9493.0,
      7280.0
    ]
  },
  "Qwen3MoE_seq128_bs20": {
    "entropy": 2.0774648089612864,
    "normalized_entropy": 0.999049392503262,
    "gini": 0.03492567274305555,
    "cv": 0.0627444462544942,
    "max_load": 0.1345920138888889,
    "min_load": 0.11170789930555555,
    "balance_ratio": 0.8299742018703578,
    "counts": [
      11148.0,
      12254.0,
      11607.0,
      10931.0,
      12373.0,
      11148.0,
      12404.0,
      10295.0
    ]
  },
  "BiBo_seq128_bs64": {
    "entropy": 2.0658140078108804,
    "normalized_entropy": 0.9934465414892373,
    "gini": 0.0908495585123698,
    "cv": 0.1630984877010531,
    "max_load": 0.15608723958333334,
    "min_load": 0.08717854817708333,
    "balance_ratio": 0.5585245046923861,
    "counts": [
      28985.0,
      21379.0,
      17140.0,
      26693.0,
      23398.0,
      24091.0,
      30688.0,
      24234.0
    ]
  },
  "Qwen3MoE_seq128_bs64": {
    "entropy": 2.077577869374311,
    "normalized_entropy": 0.9991037630689924,
    "gini": 0.03420596652560764,
    "cv": 0.0609861999841582,
    "max_load": 0.13590833875868055,
    "min_load": 0.1122097439236111,
    "balance_ratio": 0.8256281030912381,
    "counts": [
      35845.0,
      39328.0,
      36816.0,
      35117.0,
      40081.0,
      35691.0,
      38942.0,
      33092.0
    ]
  },
  "BiBo_seq256_bs1": {
    "entropy": 2.0625990811613186,
    "normalized_entropy": 0.9919004885778557,
    "gini": 0.09586588541666667,
    "cv": 0.18261921836732303,
    "max_load": 0.16731770833333334,
    "min_load": 0.08333333333333333,
    "balance_ratio": 0.49805447470812275,
    "counts": [
      728.0,
      723.0,
      512.0,
      807.0,
      729.0,
      893.0,
      1028.0,
      724.0
    ]
  },
  "Qwen3MoE_seq256_bs1": {
    "entropy": 2.0734963580496055,
    "normalized_entropy": 0.9971409710198309,
    "gini": 0.057291666666666664,
    "cv": 0.1104956642196447,
    "max_load": 0.1519097222222222,
    "min_load": 0.1130642361111111,
    "balance_ratio": 0.7442857142856611,
    "counts": [
      1085.0,
      1254.0,
      1042.0,
      1043.0,
      1400.0,
      1063.0,
      1267.0,
      1062.0
    ]
  },
  "BiBo_seq256_bs5": {
    "entropy": 2.0650991930036664,
    "normalized_entropy": 0.9931027882300634,
    "gini": 0.0897216796875,
    "cv": 0.1676587902365245,
    "max_load": 0.16298828125,
    "min_load": 0.08522135416666667,
    "balance_ratio": 0.5228679848212398,
    "counts": [
      4050.0,
      3567.0,
      2618.0,
      4093.0,
      3559.0,
      4220.0,
      5007.0,
      3606.0
    ]
  },