{"BiBo/step_time_ms":5002.815246582031,"_wandb":{"runtime":166},"_runtime":166,"_timestamp":1.7778406253083503e+09,"BiBo/lr":0.0144,"BiBo/forward_time_ms":1588.1829261779785,"_step":23,"BiBo/loss":10.757431983947754,"BiBo/backward_time_ms":3414.6323204040527,"step":23}